{
    "Mean_R2": -465.49773889213577,
    "Mean_MAE": 12.617851222664363,
    "Mean_SMAPE": 20.652140597741063
}