{
  "overall": {
    "r2": -323.4993591308594,
    "mae": 11.1593017578125,
    "smape_pct": 21.128130152780294
  },
  "by_target": {
    "Torque (Nm)": {
      "r2": -0.11443638801574707,
      "mae": 3.6582865715026855,
      "smape_pct": 47.45184223279514
    },
    "I.P (kW)": {
      "r2": 0.16853469610214233,
      "mae": 0.8543493747711182,
      "smape_pct": 11.684205163601803
    },
    "B.P (kW)": {
      "r2": -0.1863417625427246,
      "mae": 0.5315500497817993,
      "smape_pct": 45.91839955040894
    },
    "F.P (kW)": {
      "r2": -0.06350433826446533,
      "mae": 1.494856595993042,
      "smape_pct": 24.630689901345924
    },
    "I.M.E.P (bar)": {
      "r2": -0.02690422534942627,
      "mae": 1.177483081817627,
      "smape_pct": 12.669667987114696
    },
    "B.M.E.P (bar)": {
      "r2": -0.1774662733078003,
      "mae": 0.7140933275222778,
      "smape_pct": 48.5190894981373
    },
    "F.M.E.P (bar)": {
      "r2": -0.8524947166442871,
      "mae": 2.5317206382751465,
      "smape_pct": 33.15577555963773
    },
    "Air (mg/stroke)": {
      "r2": -0.04803812503814697,
      "mae": 12.488494873046875,
      "smape_pct": 4.56388341592019
    },
    "Air (kg/h)": {
      "r2": 0.04909098148345947,
      "mae": 0.49303245544433594,
      "smape_pct": 2.038774079037715
    },
    "Fuel (mg/stroke)": {
      "r2": -6554.01025390625,
      "mae": 1.1459407806396484,
      "smape_pct": 2.8987368410059795
    },
    "Fuel (kg/h)": {
      "r2": -57.42768096923828,
      "mae": 0.008735358715057373,
      "smape_pct": 2.570867473095956
    },
    "H.S.F (kg/h)": {
      "r2": -496.3974304199219,
      "mae": 0.10523569583892822,
      "smape_pct": 2.91703125151909
    },
    "S.F.C (kg/kWh)": {
      "r2": 0.014697074890136719,
      "mae": 0.11346335709095001,
      "smape_pct": 27.77164782224884
    },
    "A/F Ratio": {
      "r2": -2.5226528644561768,
      "mae": 1.7503089904785156,
      "smape_pct": 2.428000860942465
    },
    "Vol.Effi. (%)": {
      "r2": 0.22461891174316406,
      "mae": 1.5125846862792969,
      "smape_pct": 2.1551947816617463
    },
    "I.T.Effi. (%)": {
      "r2": -0.37897789478302,
      "mae": 23.668685913085938,
      "smape_pct": 11.389324208785249
    },
    "B.T.Effi. (%)": {
      "r2": -0.3777143955230713,
      "mae": 15.197938919067383,
      "smape_pct": 47.29931025858076
    },
    "Mech.Effi. (%)": {
      "r2": -0.2937735319137573,
      "mae": 18.614582061767578,
      "smape_pct": 77.0694006111231
    },
    "H.b.p (%)": {
      "r2": 0.21383816003799438,
      "mae": 12.164691925048828,
      "smape_pct": 39.765181846600285
    },
    "H.e.j.c.w (%)": {
      "r2": -3.1480565071105957,
      "mae": 5.532148361206055,
      "smape_pct": 8.628530479375767
    },
    "H. red (%)": {
      "r2": -0.9098975658416748,
      "mae": 86.2369384765625,
      "smape_pct": 5.648133855808625
    },
    "H. gas (%)": {
      "r2": -0.7207443714141846,
      "mae": 55.509521484375,
      "smape_pct": 3.6451756824191994
    }
  }
}