{
    "Mean_R2": -587.9060423812481,
    "Mean_MAE": 13.052306213500826,
    "Mean_SMAPE": 20.918300344382438
}